<?xml version="1.0" encoding="utf-8"?>
<Project DefaultTargets="Build" ToolsVersion="15.0" xmlns="http://schemas.microsoft.com/developer/msbuild/2003">
  <ItemGroup Label="ProjectConfigurations">
    <ProjectConfiguration Include="Debug|x64">
      <Configuration>Debug</Configuration>
      <Platform>x64</Platform>
    </ProjectConfiguration>
    <ProjectConfiguration Include="Release|x64">
      <Configuration>Release</Configuration>
      <Platform>x64</Platform>
    </ProjectConfiguration>
  </ItemGroup>
  <ItemGroup>
    <ClCompile Include="Base58.cpp" />
    <ClCompile Include="Bech32.cpp" />
    <ClCompile Include="Bloom.cpp" />
    <ClCompile Include="GPU\GPUGenerate.cpp" />
    <ClCompile Include="hash\ripemd160.cpp" />
    <ClCompile Include="hash\ripemd160_sse.cpp" />
    <ClCompile Include="hash\sha256.cpp" />
    <ClCompile Include="hash\sha256_sse.cpp" />
    <ClCompile Include="hash\sha512.cpp" />
    <ClCompile Include="Int.cpp" />
    <ClCompile Include="IntGroup.cpp" />
    <ClCompile Include="IntMod.cpp" />
    <ClCompile Include="KeyHunt.cpp" />
    <ClCompile Include="Main.cpp" />
    <ClCompile Include="Point.cpp" />
    <ClCompile Include="Random.cpp" />
    <ClCompile Include="SECP256K1.cpp" />
    <ClCompile Include="Timer.cpp" />
  </ItemGroup>
  <ItemGroup>
    <ClInclude Include="ArgParse.h" />
    <ClInclude Include="Base58.h" />
    <ClInclude Include="Bech32.h" />
    <ClInclude Include="Bloom.h" />
    <ClInclude Include="GPU\GPUBase58.h" />
    <ClInclude Include="GPU\GPUCompute.h" />
    <ClInclude Include="GPU\GPUEngine.h" />
    <ClInclude Include="GPU\GPUGroup.h" />
    <ClInclude Include="GPU\GPUHash.h" />
    <ClInclude Include="GPU\GPUMath.h" />
    <ClInclude Include="hash\ripemd160.h" />
    <ClInclude Include="hash\sha256.h" />
    <ClInclude Include="hash\sha512.h" />
    <ClInclude Include="Int.h" />
    <ClInclude Include="IntGroup.h" />
    <ClInclude Include="KeyHunt.h" />
    <ClInclude Include="Point.h" />
    <ClInclude Include="Random.h" />
    <ClInclude Include="SECP256k1.h" />
    <ClInclude Include="Timer.h" />
  </ItemGroup>
  <ItemGroup>
    <CudaCompile Include="GPU\GPUEngine.cu" />
  </ItemGroup>
  <PropertyGroup Label="Globals">
    <ProjectGuid>{C982E936-E84D-40E6-AA84-D439DC2D83A9}</ProjectGuid>
    <RootNamespace>KeyHunt_Cuda</RootNamespace>
    <WindowsTargetPlatformVersion>10.0</WindowsTargetPlatformVersion>
  </PropertyGroup>
  <Import Project="$(VCTargetsPath)\Microsoft.Cpp.Default.props" />
  <PropertyGroup Condition="'$(Configuration)|$(Platform)'=='Debug|x64'" Label="Configuration">
    <ConfigurationType>Application</ConfigurationType>
    <UseDebugLibraries>true</UseDebugLibraries>
    <CharacterSet>MultiByte</CharacterSet>
    <PlatformToolset>v142</PlatformToolset>
  </PropertyGroup>
  <PropertyGroup Condition="'$(Configuration)|$(Platform)'=='Release|x64'" Label="Configuration">
    <ConfigurationType>Application</ConfigurationType>
    <UseDebugLibraries>false</UseDebugLibraries>
    <WholeProgramOptimization>true</WholeProgramOptimization>
    <CharacterSet>MultiByte</CharacterSet>
    <PlatformToolset>v142</PlatformToolset>
  </PropertyGroup>
  <Import Project="$(VCTargetsPath)\Microsoft.Cpp.props" />
  <ImportGroup Label="ExtensionSettings">
    <Import Project="$(VCTargetsPath)\BuildCustomizations\CUDA 10.0.props" />
  </ImportGroup>
  <ImportGroup Label="PropertySheets" Condition="'$(Configuration)|$(Platform)'=='Debug|x64'">
    <Import Project="$(UserRootDir)\Microsoft.Cpp.$(Platform).user.props" Condition="exists('$(UserRootDir)\Microsoft.Cpp.$(Platform).user.props')" Label="LocalAppDataPlatform" />
  </ImportGroup>
  <ImportGroup Label="PropertySheets" Condition="'$(Configuration)|$(Platform)'=='Release|x64'">
    <Import Project="$(UserRootDir)\Microsoft.Cpp.$(Platform).user.props" Condition="exists('$(UserRootDir)\Microsoft.Cpp.$(Platform).user.props')" Label="LocalAppDataPlatform" />
  </ImportGroup>
  <PropertyGroup Label="UserMacros" />
  <PropertyGroup Condition="'$(Configuration)|$(Platform)'=='Debug|x64'">
    <LinkIncremental>true</LinkIncremental>
  </PropertyGroup>
  <ItemDefinitionGroup Condition="'$(Configuration)|$(Platform)'=='Debug|x64'">
    <ClCompile>
      <WarningLevel>Level3</WarningLevel>
      <Optimization>Disabled</Optimization>
      <PreprocessorDefinitions>WIN32;WIN64;_DEBUG;_CONSOLE;WITHGPU;_CRT_SECURE_NO_WARNINGS;%(PreprocessorDefinitions)</PreprocessorDefinitions>
      <EnableEnhancedInstructionSet>StreamingSIMDExtensions</EnableEnhancedInstructionSet>
    </ClCompile>
    <Link>
      <GenerateDebugInformation>true</GenerateDebugInformation>
      <SubSystem>Console</SubSystem>
      <AdditionalDependencies>cudart_static.lib;kernel32.lib;user32.lib;gdi32.lib;winspool.lib;comdlg32.lib;advapi32.lib;shell32.lib;ole32.lib;oleaut32.lib;uuid.lib;odbc32.lib;odbccp32.lib;%(AdditionalDependencies)</AdditionalDependencies>
    </Link>
    <CudaCompile>
      <TargetMachinePlatform>64</TargetMachinePlatform>
    </CudaCompile>
  </ItemDefinitionGroup>
  <ItemDefinitionGroup Condition="'$(Configuration)|$(Platform)'=='Release|x64'">
    <ClCompile>
      <WarningLevel>Level3</WarningLevel>
      <Optimization>MaxSpeed</Optimization>
      <FunctionLevelLinking>true</FunctionLevelLinking>
      <IntrinsicFunctions>true</IntrinsicFunctions>
      <PreprocessorDefinitions>WIN32;WIN64;NDEBUG;_CONSOLE;WITHGPU;_CRT_SECURE_NO_WARNINGS;%(PreprocessorDefinitions)</PreprocessorDefinitions>
      <EnableEnhancedInstructionSet>StreamingSIMDExtensions</EnableEnhancedInstructionSet>
      <InlineFunctionExpansion>AnySuitable</InlineFunctionExpansion>
      <FavorSizeOrSpeed>Speed</FavorSizeOrSpeed>
    </ClCompile>
    <Link>
      <GenerateDebugInformation>true</GenerateDebugInformation>
      <EnableCOMDATFolding>true</EnableCOMDATFolding>
      <OptimizeReferences>true</OptimizeReferences>
      <SubSystem>Console</SubSystem>
      <AdditionalDependencies>cudart_static.lib;kernel32.lib;user32.lib;gdi32.lib;winspool.lib;comdlg32.lib;advapi32.lib;shell32.lib;ole32.lib;oleaut32.lib;uuid.lib;odbc32.lib;odbccp32.lib;%(AdditionalDependencies)</AdditionalDependencies>
    </Link>
    <CudaCompile>
      <TargetMachinePlatform>64</TargetMachinePlatform>
    </CudaCompile>
  </ItemDefinitionGroup>
  <Import Project="$(VCTargetsPath)\Microsoft.Cpp.targets" />
  <ImportGroup Label="ExtensionTargets">
    <Import Project="$(VCTargetsPath)\BuildCustomizations\CUDA 10.0.targets" />
  </ImportGroup>
</Project>